{"cameraMode":{"drawMode":0,"name":"Shaded","section":"Shading Mode"},"sceneLighting":true,"audioPlay":false,"sceneViewState":{"showFog":true,"showMaterialUpdate":true,"showSkybox":true,"showFlares":true,"showImageEffects":true,"showParticleSystems":true},"in2DMode":false,"pivot":{"x":205.2185516357422,"y":-874.7832641601563,"z":28.75494956970215},"rotation":{"x":0.5580583810806274,"y":-0.43922650814056399,"z":0.5335268378257752,"w":0.45948880910873415},"size":974.309326171875,"orthographic":false}